Timestamp,Qyteti,Gjinia,Mosha,Niveli i shkollimi te perfunduar,P√´r momentin:,Profesioni,"Cilin Stack e perdoreni, primare?",Gjuha programuese primare,Frameworku primar,Databaza primare,Sa here e ke nderru punen brenda 3 viteve te fundit?,A kish me qene rroga apo mundesia mu zhvillu faktori qe ta percakton zgjedhjen e punes se ardhshme.,Sa e konsideroni kulturen e kompanise kur vendosni te pranoni/anuloni oferte?!,Per √ßfare arsyje e kishe ndrru punen?,A punoni kompani nderkometare (remote)  apo ne kompani lokale?
11/26/2021 19:54:47,Amsterdam,Mashkull,35-40,Bachelor,Freelancing,Developer,Tjeter,Tjeter,Tjeter,S4/HANA,1,Mundesia mu zhvillu,8,Mundesia me u zhvillu,nderkometare
11/26/2021 20:19:52,Berlin,Mashkull,30-35,I mesem,Pun√´suar full-time,Distributed System Engineer,Java stack,JAVA,Spring *,PostgreSQL,0,"Rroga, Mundesia mu zhvillu, Suksesi i kompanise, Puna e kompanise ne open source",10,Kultura e Kompanise,nderkometare
11/27/2021 17:23:17,Berlin,Mashkull,30-35,Master,Pun√´suar full-time,Developer,Microsoft Stack,C#,.NET *,Microsoft SQL Server,1,Rroga,5,Rroga,lokale
12/7/2021 23:31:42,Bujanoc,Mashkull,20-25,Bachelor,Pa pun√´,Student,The MEVN Stack,JAVA,Vue.js,Mysql,0,Mundesia mu zhvillu,1,Mundesia me u zhvillu,
12/13/2021 22:15:18,Bujanoc,Mashkull,25-30,Master,Pun√´suar full-time,Programmer,Microsoft Stack,C#,.NET *,Microsoft SQL Server,1,Rroga,9,Rroga,nderkometare
11/29/2021 8:58:31,Bujanoc,Mashkull,25-30,Bachelor,Pun√´suar full-time,Developer,The MEVN Stack,Javascript,expressjs,PostgreSQL,1,Mundesia mu zhvillu,10,Shefi i mire :),nderkometare
12/8/2021 23:08:55,Bujanoc,Mashkull,15-20,I mesem,Pun√´suar full-time,Programmer,The LAMP Stack,PHP,Laravel,Mysql,0,Mundesia mu zhvillu,10,Mundesia me u zhvillu,nderkometare
12/8/2021 6:46:14,De√ßan ,Fem√´r,25-30,Master,Pun√´suar full-time,Developer,The Serverless Stack,C#,.NET *,PostgreSQL,1,Mundesia mu zhvillu,8,Mundesia me u zhvillu,lokale
11/27/2021 11:11:59,Dragash,Fem√´r,20-25,Bachelor,Pun√´suar full-time,Developer,The MEVN Stack,TypeScript,Vue.js,MongoDB,0,Rroga,6,Rroga,nderkometare
11/27/2021 2:49:29,Drenas,Mashkull,20-25,I mesem,Pa pun√´,Developer,The MERN Stack,Javascript,React.js,Mysql,1,Dyjat,10,Mundesia me u zhvillu,lokale
12/1/2021 13:01:06,Drenas,Mashkull,30-35,Bachelor,Pun√´suar full-time,Developer,Microsoft Stack,C#,.NET *,Microsoft SQL Server,0,Mundesia mu zhvillu,5,Mundesia me u zhvillu,lokale
12/8/2021 20:26:59,Drenas,Fem√´r,20-25,Bachelor,Pa pun√´,Developer,Java stack,PHP,React.js,Mysql,0,Mundesia mu zhvillu,5,Mundesia me u zhvillu,Asnj√´ p√´r momentinüòè
11/26/2021 19:38:38,Ferizaj,Mashkull,35-40,I mesem,Pa pun√´,Developer,The LAMP Stack,PHP,Vue.js,Mysql,0,Rroga,8,Rroga,lokale
11/26/2021 20:24:41,Ferizaj,Mashkull,30-35,Bachelor,Pun√´suar full-time,Business owner,The Serverless Stack,Python,Flask,MongoDB,0,Mundesia mu zhvillu,10,Kultura e Kompanise,lokale
11/26/2021 20:27:03,Ferizaj,Mashkull,25-30,Bachelor,Pun√´suar part-time,Programmer,None,Javascript,Vue.js,None,0,Mundesia mu zhvillu,10,Kultura e Kompanise,lokale
11/26/2021 21:20:46,Ferizaj,Mashkull,20-25,Bachelor,Pun√´suar full-time,Developer,Microsoft Stack,C#,.NET *,Microsoft SQL Server,1,Rroga,7,Rroga,lokale
11/27/2021 8:52:11,Ferizaj,Mashkull,20-25,Bachelor,Pa pun√´,Developer,Microsoft Stack,PHP,Pure Php ,Mysql,2,Mundesia mu zhvillu,8,Mundesia me u zhvillu,
11/27/2021 15:38:18,Ferizaj,Mashkull,20-25,Bachelor,Pun√´suar full-time,Programmer,Microsoft Stack,C#,.NET *,Microsoft SQL Server,0,Mundesia mu zhvillu,7,Mundesia me u zhvillu,lokale
11/27/2021 15:49:50,Ferizaj,Mashkull,20-25,Bachelor,Pun√´suar full-time,Programmer,Android,Kotlin,Android,Mysql,3,Mundesia mu zhvillu,9,Mundesia me u zhvillu,Nderkombetare me zyre ne Kosove
11/27/2021 16:19:07,Ferizaj,Mashkull,15-20,I mesem,Pa pun√´,Student,The LAMP Stack,Javascript,React.js,Mysql,0,Mundesia mu zhvillu,,Mundesia me u zhvillu,
11/28/2021 10:21:52,Ferizaj,Mashkull,25-30,Bachelor,Pun√´suar full-time,Business owner,Microsoft Stack,C#,.NET *,Microsoft SQL Server,1,Mundesia mu zhvillu,10,Kultura e Kompanise,nderkometare
11/28/2021 11:01:03,Ferizaj,Mashkull,20-25,Bachelor,Pun√´suar full-time,Developer,The MEAN Stack,TypeScript,Nest,PostgreSQL,3,Rroga,9,Kultura e Kompanise,nderkometare
11/29/2021 2:20:27,Ferizaj,Mashkull,20-25,Bachelor,Pun√´suar full-time,Developer,Microsoft Stack,C#,.NET *,Microsoft SQL Server,1,Dyjat,10,Mundesia me u zhvillu,nderkometare
11/29/2021 13:15:39,Ferizaj,Fem√´r,20-25,Bachelor,Pun√´suar full-time,Programmer,Microsoft Stack,C#,.NET *,Microsoft SQL Server,0,Mundesia mu zhvillu,10,Mundesia me u zhvillu,lokale
11/30/2021 18:09:28,Ferizaj,Mashkull,20-25,I mesem,Pun√´suar full-time,Programmer,react-native,Javascript,React.js,MongoDB,1,Mundesia mu zhvillu,10,Mundesia me u zhvillu,lokale
11/30/2021 23:04:57,Ferizaj,Fem√´r,25-30,Bachelor,Pa pun√´,Developer,Microsoft Stack,PHP,Bootstrap ,Mysql,,,,,
12/2/2021 0:04:44,Ferizaj,Mashkull,15-20,I mesem,Pa pun√´,Programmer,Microsoft Stack,Python,.NET *,Mysql,0,Mundesia mu zhvillu,0,Teknologjia,nderkometare
12/6/2021 19:58:36,Ferizaj,Fem√´r,25-30,Master,Pun√´suar full-time,Programmer,The MEAN Stack,PHP,Express,Redis,1,Rroga,7,Rroga,nderkometare
12/7/2021 22:55:38,Ferizaj,Mashkull,20-25,Bachelor,Pun√´suar full-time,Developer,Microsoft Stack,C#,.NET *,Microsoft SQL Server,2,Rroga,8,Rroga,nderkometare
12/7/2021 23:36:03,Ferizaj,Mashkull,20-25,Self taught,Pun√´suar full-time,Developer,Java stack,Kotlin,Android,Sqlite,0,Mundesia mu zhvillu,10,Mundesia me u zhvillu,lokale
12/8/2021 0:25:20,Ferizaj,Mashkull,25-30,I mesem,Pun√´suar full-time,Developer,The LAMP Stack,PHP,Laravel,Mysql,1,Zhvillimi ta bjen rrogen,9,Mundesia me u zhvillu,Ne kompani lokale per kompani nderkombetare
12/8/2021 1:00:01,Ferizaj,Mashkull,20-25,I mesem,Pa pun√´,Student,Microsoft Stack,Javascript,React.js,Mysql,0,Mundesia mu zhvillu,4,Mundesia me u zhvillu,None
12/8/2021 7:58:17,Ferizaj,Mashkull,25-30,Bachelor,Pun√´suar full-time,Developer,The MERN Stack,Javascript,Express,MongoDB,1,Mundesia mu zhvillu,10,Kultura e Kompanise,nderkometare
12/8/2021 10:19:11,Ferizaj,Mashkull,30-35,Bachelor,Pun√´suar full-time,Business owner,The Serverless Stack,Python,Flask,MongoDB,0,Mundesia mu zhvillu,10,Mundesia me u zhvillu,lokale
12/13/2021 18:58:31,Ferizaj,Mashkull,35-40,Master,Pun√´suar full-time,Business owner,Microsoft Stack,C#,.NET *,Microsoft SQL Server,0,Mundesia mu zhvillu,10,Mundesia me u zhvillu,lokale
12/13/2021 19:13:04,Ferizaj,Mashkull,35-40,Master,Freelancing,Business owner,Microsoft Stack,N/A,N/A,Microsoft SQL Server,0,Rroga,10,Kultura e Kompanise,nderkometare
11/26/2021 19:47:30,Ferizaj ,Mashkull,15-20,Self taught,Pa pun√´,Developer,The LAMP Stack,PHP,Laravel,Mysql,3,Rroga,10,Kultura e Kompanise,nderkometare
12/7/2021 22:58:25,Ferizaj ,Mashkull,20-25,I mesem,Pun√´suar full-time,Developer,The Serverless Stack,Javascript,React.js,Dynamodb ,5,Rroga,8,Rroga,nderkometare
12/13/2021 19:25:48,Ferizaj ,Mashkull,20-25,I mesem,Pun√´suar full-time,Developer,The Serverless Stack,TypeScript,Express,Mysql,0,Mundesia mu zhvillu,7,Rroga,lokale
11/26/2021 20:56:22,Fushe Kosove,Mashkull,20-25,Bachelor,Pa pun√´,Programmer,The MERN Stack,Javascript,React.js,MongoDB,4,Mundesia mu zhvillu,10,Shefi i mire :),lokale
11/26/2021 20:15:44,Fushe Kosove,Mashkull,25-30,Master,Pa pun√´,Developer,The MEVN Stack,Javascript,React.js,Mysql,0,Mundesia mu zhvillu,0,Mundesia me u zhvillu,Hiq
11/26/2021 20:41:15,Fushe Kosove,Mashkull,20-25,Bachelor,Pun√´suar part-time,Developer,Microsoft Stack,C#,.NET *,Microsoft SQL Server,2,Mundesia mu zhvillu,7,Teknologjia,nderkometare
11/26/2021 22:06:51,Fushe Kosove,Fem√´r,20-25,Bachelor,Pun√´suar full-time,Programmer,Microsoft Stack,C#,.NET *,Microsoft SQL Server,0,Mundesia mu zhvillu,8,Mundesia me u zhvillu,lokale
11/26/2021 23:22:45,Fushe Kosove,Mashkull,20-25,Bachelor,Pa pun√´,Developer,The MERN Stack,Javascript,React.js,MongoDB,0,Mundesia mu zhvillu,10,Kultura e Kompanise,
12/7/2021 22:50:29,Fushe Kosove,Mashkull,30-35,I mesem,Pun√´suar full-time,Developer,The MERN Stack,Javascript,React.js,PostgreSQL,3,Rroga,9,Shefi i mire :),lokale
12/21/2021 2:59:46,Fushe Kosove,Mashkull,20-25,Bachelor,Pa pun√´,Developer,The LAMP Stack,PHP,Laravel,MariaDB,2,Rroga,10,Kultura e Kompanise,lokale
12/8/2021 7:17:50,Fushe Kosove ,Mashkull,25-30,Master,Pa pun√´,Developer,The LAMP Stack,PHP,React.js,Mysql,0,Mundesia mu zhvillu,10,Mundesia me u zhvillu,lokale
11/26/2021 23:13:53,Gjakove,Mashkull,30-35,Bachelor,Freelancing,Business owner,The LAMP Stack,PHP,Laravel,Mysql,1,Mundesia mu zhvillu,10,Mundesia me u zhvillu,nderkometare
11/26/2021 20:08:06,Gjakove,Mashkull,25-30,Bachelor,Pun√´suar full-time,Developer,Java stack,PHP,CodeIgniter,Mysql,2,Rroga,6,Rroga,lokale
11/26/2021 20:13:05,Gjakove,Mashkull,25-30,I mesem,Pun√´suar full-time,Programmer,The MERN Stack,Javascript,React.js,Microsoft SQL Server,3,"Rroga, sepse mundesia per mu zhvilu, eshte perplot ne dokumentim te gjuheve/frameworks online. ",9,Rroga,lokale
11/28/2021 0:06:58,Gjakove,Mashkull,30-35,Bachelor,Pun√´suar full-time,Programmer,Microsoft Stack,C#,.NET *,Microsoft SQL Server,0,Mundesia mu zhvillu,10,Mundesia me u zhvillu,lokale
11/28/2021 0:52:35,Gjakove,Mashkull,20-25,Bachelor,Freelancing,Programmer,The LAMP Stack,PHP,Laravel,Mysql,1,Rroga,10,Rroga,nderkometare
11/26/2021 19:50:39,Gjilan,Mashkull,20-25,Bachelor,Pa pun√´,Programmer,Laravel,PHP,Laravel,Mysql,0,Mundesia mu zhvillu,9,Mundesia me u zhvillu,
11/26/2021 19:54:34,Gjilan,Mashkull,30-35,Bachelor,Pun√´suar full-time,Developer,"Java,vue",JAVA,Spring *,Mysql,1,Mundesia mu zhvillu,5,Teknologjia,lokale
11/26/2021 19:57:52,Gjilan,Mashkull,25-30,Master,Pun√´suar full-time,Programmer,Java stack,JAVA,Spring *,PostgreSQL,0,Rroga,4,Rroga,nderkometare
11/26/2021 19:59:28,Gjilan,Mashkull,30-35,Bachelor,Pa pun√´,Programmer,The MERN Stack,Javascript,React.js,MongoDB,0,Mundesia mu zhvillu,8,Mundesia me u zhvillu,nderkometare
11/26/2021 20:00:58,Gjilan,Mashkull,25-30,I mesem,Pun√´suar full-time,Programmer,Vue front end,Javascript,Vue.js,Sdi,1,Te dyja,9,Rroga,lokale
11/26/2021 20:03:39,Gjilan,Mashkull,20-25,Bachelor,Pun√´suar full-time,Developer,Angular me Laravel API,TypeScript,Angular,CouchBase DB,2,Rroga,7,Rroga,lokale
11/26/2021 20:28:44,Gjilan,Mashkull,20-25,I mesem,Pun√´suar full-time,UI/UX,Microsoft Stack,Javascript,React.js,MongoDB,3,Mundesia mu zhvillu,8,Rroga,Remote me zyre ne Tirane
11/26/2021 23:29:18,Gjilan,Mashkull,20-25,Bachelor,Pa pun√´,Developer,Microsoft Stack,Javascript,React.js,Microsoft SQL Server,0,Mundesia mu zhvillu,10,Mundesia me u zhvillu,lokale
11/27/2021 0:17:52,Gjilan,Mashkull,20-25,I mesem,Pun√´suar full-time,Developer,django,Python,Django,Mysql,3,Mundesia mu zhvillu,10,Mundesia me u zhvillu,lokale
11/27/2021 0:38:50,Gjilan,Mashkull,25-30,Bachelor,Pun√´suar full-time,Developer,The LAMP Stack,PHP,Vue.js,Mysql,0,Mundesia mu zhvillu,5,Mundesia me u zhvillu,nderkometare
11/27/2021 4:57:38,Gjilan,Mashkull,20-25,Bachelor,Pa pun√´,Student,Java stack,Kotlin,Kotlin,Mysql,1,Mundesia mu zhvillu,9,Kultura e Kompanise,Student momentalish
11/27/2021 12:03:50,Gjilan,Mashkull,30-35,I mesem,Pun√´suar full-time,Developer,The MEVN Stack,TypeScript,Vue.js,Redis,4,Rroga,5,Rroga,nderkometare
11/27/2021 15:01:18,Gjilan,Mashkull,20-25,Bachelor,Pun√´suar full-time,Developer,The MEAN Stack,TypeScript,Angular,MongoDB,3,Mundesia mu zhvillu,8,Mundesia me u zhvillu,nderkometare
11/28/2021 11:10:36,Gjilan,Fem√´r,20-25,Bachelor,Pun√´suar full-time,Developer,The Serverless Stack,Javascript,React.js,Mysql,2,Rroga,10,Mundesia me u zhvillu,nderkometare
11/28/2021 11:44:04,Gjilan,Mashkull,20-25,Bachelor,Pun√´suar full-time,Developer,Microsoft Stack,Javascript,React.js,Mysql,1,Mundesia mu zhvillu,9,Rroga,nderkometare
11/29/2021 16:03:06,Gjilan,Mashkull,30-35,Bachelor,Pun√´suar full-time,Developer,The MEAN Stack,TypeScript,Angular,MongoDB,3,Rroga,10,Kultura e Kompanise,nderkometare
12/7/2021 23:03:54,Gjilan,Mashkull,20-25,Bachelor,Pa pun√´,Developer,Laravel,PHP,Laravel,Mysql,0,Mundesia mu zhvillu,9,Kultura e Kompanise,NA
12/7/2021 23:11:06,Gjilan,Fem√´r,20-25,Self taught,Freelancing,Developer,N/a,Go,Angular,PostgreSQL,0,Mundesia mu zhvillu,7,Mundesia me u zhvillu,nderkometare
12/7/2021 23:21:15,Gjilan,Mashkull,20-25,I mesem,Pun√´suar full-time,DevOps,The Serverless Stack,Javascript,Express,PostgreSQL,1,Rroga,8,Rroga,lokale
12/8/2021 0:38:55,Gjilan,Mashkull,20-25,Bachelor,Pa pun√´,Developer,Java stack,PHP,React.js,Mysql,0,Mundesia mu zhvillu,10,Kultura e Kompanise,Pa pune 
12/8/2021 1:13:47,Gjilan,Mashkull,25-30,Master,Pun√´suar full-time,Programmer,Microsoft Stack,C#,.NET *,Microsoft SQL Server,2,Mundesia mu zhvillu,8,Mundesia me u zhvillu,lokale
12/8/2021 20:43:42,Gjilan,Mashkull,30-35,Bachelor,Pun√´suar full-time,Developer,The MEVN Stack,Javascript,Vue.js,PostgreSQL,1,Rroga,5,Rroga,nderkometare
11/26/2021 20:09:31,Hamburg,Mashkull,30-35,Bachelor,Pun√´suar full-time,Programmer,NaN,Kotlin,Android,Mysql,0,Mundesia me u zhvillu edhe Rroga,9,Mundesia me u zhvillu,nderkometare
12/8/2021 6:39:26,Helsinki,Mashkull,25-30,Bachelor,Pun√´suar full-time,Developer,The MERN Stack,TypeScript,Express,Mysql,2,Mundesia mu zhvillu,10,Mundesia me u zhvillu,lokale
11/27/2021 10:41:11,Istog,Mashkull,25-30,Bachelor,Pun√´suar full-time,Programmer,The MEAN Stack,JAVA,Angular,Microsoft SQL Server,0,Mundesia mu zhvillu,10,Kultura e Kompanise,lokale
11/28/2021 13:09:49,Istog,Mashkull,30-35,Master,Pun√´suar full-time,Programmer,Java stack,JAVA,Spring *,MongoDB,0,"Te dyja. Nese kish mungu njera, nuk e kisha pranu ate oferte pune.",10,Mundesia me u zhvillu,nderkometare
12/7/2021 23:27:17,Istog,Mashkull,25-30,Bachelor,Pun√´suar full-time,Programmer,The LAMP Stack,Python,Flask,PostgreSQL,1,Rroga,7,Rroga,nderkometare
12/2/2021 22:59:56,Junik,Mashkull,25-30,Bachelor,Pun√´suar full-time,Developer,The LAMP Stack,PHP,Laravel,Mysql,2,Rroga,5,Rroga,nderkometare
11/26/2021 22:44:41,Ka√ßanik,Mashkull,25-30,Master,Pun√´suar full-time,Developer,Python,Python,Django,PostgreSQL,1,Mundesia mu zhvillu,9,Kultura e Kompanise,nderkometare
12/7/2021 23:32:59,Kamenice ,Mashkull,25-30,I mesem,Pun√´suar full-time,Developer,Microsoft Stack and Mearn Stack,C#,.NET *,Microsoft SQL Server,1,Mundesia mu zhvillu,9,Kultura e Kompanise,nderkometare
11/28/2021 0:23:58,Klin√´,Mashkull,20-25,I mesem,Pa pun√´,Student,Java stack,Dart,Flutter,Oracle,0,Mundesia mu zhvillu,7,Mundesia me u zhvillu,Hix
11/28/2021 13:34:18,Linkoping,Mashkull,40-50,Master,Pun√´suar full-time,Developer,Microsoft Stack,C#,.NET *,CosmosDB,2,Rroga,8,Rroga,nderkometare
11/26/2021 19:46:54,Lipjan,Mashkull,20-25,Bachelor,Pun√´suar full-time,Programmer,Microsoft Stack,JAVA,React.js,Oracle,1,Mundesia mu zhvillu,8,Mundesia me u zhvillu,lokale
11/26/2021 19:48:35,Lipjan,Mashkull,20-25,Bachelor,Pa pun√´,Developer,Java stack,JAVA,Spring *,Mysql,2,Dyjat,8,Rroga,lokale
11/27/2021 0:26:30,Lipjan,Mashkull,25-30,Bachelor,Pun√´suar full-time,Developer,Java stack,JAVA,Spring *,Mysql,1,Rroga,8,Rroga,lokale
11/27/2021 9:01:52,Malisheve,Mashkull,20-25,Bachelor,Pun√´suar full-time,Developer,The MERN Stack,Javascript,React.js,Microsoft SQL Server,2,Mundesia mu zhvillu,8,Mundesia me u zhvillu,Lokale(remote)
12/13/2021 20:36:44,Malisheve,Mashkull,20-25,Master,Pun√´suar full-time,Programmer,The MERN Stack,Javascript,React.js,Mysql,1,Rroga,7,Rroga,lokale
12/20/2021 19:45:15,Malisheve,Mashkull,25-30,Bachelor,Pun√´suar full-time,Developer,The LAMP Stack,PHP,Angular,MariaDB,0,Rroga & Mundesia mu zhvillu,10,Shefi i mire :),lokale
11/26/2021 20:05:47,Mitrovice,Mashkull,20-25,I mesem,Pun√´suar full-time,Developer,The MEAN Stack,Javascript,Angular,Mysql,4,Rroga,6,Rroga,nderkometare
11/26/2021 20:23:45,Mitrovice,Mashkull,25-30,Bachelor,Pun√´suar full-time,Developer,Microsoft Stack,C#,.NET *,Microsoft SQL Server,1,Kombinim i te dy opsioneve,10,Teknologjia,nderkometare
11/26/2021 23:32:29,Mitrovice,Mashkull,20-25,I mesem,Pun√´suar full-time,Programmer,The MEVN Stack,Javascript,Vue.js,Firestore,6,Mundesia mu zhvillu,10,Mundesia me u zhvillu,nderkometare
11/27/2021 0:12:32,Mitrovice,Mashkull,20-25,I mesem,Pun√´suar full-time,Developer,The LAMP Stack,PHP,Laravel,Mysql,2,Mundesia mu zhvillu,10,Mundesia me u zhvillu,nderkometare
11/28/2021 1:32:03,Mitrovice,Mashkull,35-40,I mesem,Pun√´suar full-time,Programmer,Microsoft Stack,C#,.NET *,Microsoft SQL Server,0,Mundesia mu zhvillu,10,Kultura e Kompanise,lokale
11/30/2021 18:32:40,Mitrovice,Mashkull,20-25,I mesem,Pun√´suar full-time,Developer,The Serverless Stack,Javascript,Serverless,Mysql,0,Rroga,10,Teknologjia,nderkometare
12/7/2021 22:57:31,Mitrovice,Mashkull,15-20,I mesem,Pa pun√´,Programmer,The MERN Stack,Javascript,React.js,MongoDB,0,Rroga,9,Rroga,nderkometare
12/7/2021 23:52:05,Mitrovice,Mashkull,25-30,Bachelor,Pun√´suar full-time,Developer,Microsoft Stack,C#,.NET *,Microsoft SQL Server,1,Te dyat,10,Shefi i mire :),nderkometare
12/8/2021 0:44:10,Mitrovice,Mashkull,25-30,Bachelor,Pun√´suar full-time,Developer,Java stack,JAVA,Spring *,Oracle,0,Dyjat,10,Shefi i mire :),nderkometare
12/8/2021 10:23:11,Mitrovice,Mashkull,25-30,Bachelor,Pun√´suar full-time,Developer,The LAMP Stack,Javascript,Angular,Mysql,1,Te dy faktor√´t,8,,nderkometare
12/8/2021 15:00:21,Mitrovice,Mashkull,25-30,Master,Freelancing,Programmer,The MERN Stack,Javascript,React.js,MongoDB,1,Mundesia mu zhvillu,10,Mundesia me u zhvillu,nderkometare
12/9/2021 0:21:12,Mitrovice,Mashkull,25-30,Bachelor,Pun√´suar full-time,Developer,The MEVN Stack,PHP,Laravel,Mysql,1,Mundesia mu zhvillu,6,Mundesia me u zhvillu,lokale
12/13/2021 22:21:21,Mitrovice,Mashkull,20-25,Bachelor,Pun√´suar full-time,Developer,Java stack,JAVA,React.js,MongoDB,0,Mundesia mu zhvillu,10,Mundesia me u zhvillu,lokale
12/16/2021 1:58:54,Mitrovice,Fem√´r,30-35,Bachelor,Pun√´suar full-time,Programmer,The LAMP Stack,PHP,Laravel,Mysql,0,Rroga,10,Rroga,lokale
11/26/2021 19:59:26,Mitrovice,Mashkull,20-25,Bachelor,Pun√´suar full-time,Developer,The Serverless Stack,TypeScript,Express,MongoDB,4,Mundesia mu zhvillu,10,Mundesia me u zhvillu,nderkometare
12/7/2021 22:43:51,Mitrovice,Mashkull,20-25,Bachelor,Pa pun√´,Student,The LAMP Stack,Javascript,React.js,Mysql,,Rroga,,Rroga,
12/8/2021 0:35:01,Mitrovice,Mashkull,20-25,Bachelor,Pun√´suar full-time,Developer,.net and Vue,Javascript,Vue.js,Microsoft SQL Server,1,Mundesia mu zhvillu,10,Rroga,lokale
12/7/2021 23:24:54,Mitrovice,Fem√´r,20-25,I mesem,Pa pun√´,Student,Java stack,JAVA,Spring *,Mysql,1,Mundesia mu zhvillu,8,Mundesia me u zhvillu,
12/14/2021 14:31:07,Mitrovice,Mashkull,25-30,Self taught,Pun√´suar full-time,Programmer,iOS development,Swift,"UIKit, Swift",Realm,5,Rroga,5,Rroga,nderkometare
11/27/2021 1:01:21,Mitrovice Veriore,Mashkull,25-30,I mesem,Pun√´suar full-time,Developer,The MERN Stack,Javascript,Express,PostgreSQL,1,Mundesia mu zhvillu,10,Mundesia me u zhvillu,nderkometare
11/27/2021 19:08:46,M√ºnchen,Mashkull,25-30,Bachelor,Pun√´suar full-time,Programmer,The LAMP Stack,PHP,Laravel,Mysql,1,Mundesia mu zhvillu,8,Mundesia me u zhvillu,nderkometare
11/28/2021 1:08:59,M√ºnchen,Fem√´r,30-35,Bachelor,Pun√´suar full-time,Developer,The MEVN Stack,Javascript,Vue.js,MongoDB,0,"Deri me tani ka luajt rol mundesia me u zhvillu, prej tani e tutje rroga",8,Rroga,nderkometare
11/28/2021 8:56:48,Peje,Mashkull,20-25,Bachelor,Pun√´suar full-time,Developer,The Serverless Stack,TypeScript,Laravel,Mysql,1,Mundesia mu zhvillu,8,Mundesia me u zhvillu,lokale
11/26/2021 20:08:40,Peje,Mashkull,20-25,Bachelor,Pun√´suar full-time,Programmer,The MERN Stack,Javascript,React.js,Mysql,0,Te dyja,7,Mundesia me u zhvillu,nderkometare
11/26/2021 20:33:11,Peje,Mashkull,20-25,Bachelor,Pa pun√´,Developer,The MEAN Stack,C#,.NET *,Microsoft SQL Server,2,Mundesia mu zhvillu,9,Mundesia me u zhvillu,nderkometare
11/27/2021 0:05:36,Peje,Mashkull,25-30,Bachelor,Pun√´suar full-time,Developer,Mobile,Dart,Flutter,Sqflite,1,Kombinimi eshte ideal,8,Rroga,nderkometare
11/28/2021 22:24:36,Peje,Mashkull,25-30,Bachelor,Pun√´suar full-time,Developer,The MEAN Stack,TypeScript,Angular,Microsoft SQL Server,3,Dyjat kapak. Me gjet ni mes!,10,Rroga,nderkometare
11/30/2021 18:16:18,Peje,Mashkull,20-25,Bachelor,Pa pun√´,Developer,The LAMP Stack,Javascript,React.js,Mysql,,Per veti pasi jam ne fillet e ketij profesioni do te luante rol mundesia me u zhvillu,7,Mundesia me u zhvillu,lokale
12/7/2021 22:57:36,Peje,Mashkull,20-25,I mesem,Pun√´suar full-time,Fitnes supplement store,The LAMP Stack,Javascript,React.js,Mysql,1,Mundesia mu zhvillu,10,Mundesia me u zhvillu,lokale
12/8/2021 10:08:14,Peje,Mashkull,25-30,Bachelor,Pun√´suar full-time,Programmer,The Serverless Stack,Python,Django,Mysql,1,Mundesia mu zhvillu,10,Mundesia me u zhvillu,lokale
12/8/2021 20:33:40,Peje,Fem√´r,20-25,I mesem,Pa pun√´,Student,Java stack,C#,.NET *,Microsoft SQL Server,1,Mundesia mu zhvillu,10,Kultura e Kompanise,
12/8/2021 16:42:52,Peje,Mashkull,20-25,Bachelor,Pun√´suar full-time,Programmer,Microsoft Stack,C#,.NET *,Microsoft SQL Server,2,"Sigurisht edhe pjesa financiare eshte motiv, ka raste kur oferta eshte too good to be true, mirepo gjithmone motivi kryesor primar eshte mundesia zhvillimit, rroga eshte temporary benefit, zhvillimi eshte permanent",7,Mundesia me u zhvillu,nderkometare
12/3/2021 12:47:54,Podujeve,Mashkull,20-25,Bachelor,Pun√´suar full-time,Developer,The LAMP Stack,Go,Angular,PostgreSQL,0,Mundesia mu zhvillu,10,Mundesia me u zhvillu,lokale
12/7/2021 23:09:22,Podujeve,Mashkull,20-25,Bachelor,Pun√´suar full-time,Praktikant,Java stack,Javascript,React.js,Mysql,0,Mundesia mu zhvillu,10,Mundesia me u zhvillu,lokale
12/14/2021 20:09:01,Podujeve,Fem√´r,20-25,Bachelor,Pa pun√´,Student,Java stack,Python,Flask,Mysql,0,Mundesia mu zhvillu,8,Rroga,Nuk punoj
11/28/2021 1:07:40,Preshev√´,Mashkull,30-35,I mesem,Freelancing,Developer,"PostgreSQL, ReactJS/VueJS, NodeJS",TypeScript,React.js,PostgreSQL,3,Te dyjat,8,Shefi i mire :),nderkometare
12/13/2021 21:39:10,Preshev√´,Mashkull,20-25,I mesem,Pun√´suar full-time,Programmer,Microsoft Stack,Javascript,React.js,Microsoft SQL Server,2,Rroga,10,Rroga,nderkometare
11/27/2021 12:46:56,Prishtina,Mashkull,25-30,Bachelor,Pun√´suar full-time,Developer,The LAMP Stack,Javascript,React.js,Mysql,2,Rroga,10,Rroga,lokale
12/7/2021 22:55:54,Prishtina,Mashkull,30-35,Master,Pun√´suar full-time,Business owner,The LAMP Stack,PHP,React.js,Mysql,0,Rroga,7,Rroga,lokale
12/13/2021 21:47:40,Prishtina,Mashkull,25-30,Bachelor,Pun√´suar full-time,Developer,iOS,Swift,UIKito,Realm,2,Rroga,10,Rroga,nderkometare
12/13/2021 23:18:39,Prishtina,Mashkull,30-35,Master,Pun√´suar full-time,Programmer,Microsoft Stack,C#,.NET *,Microsoft SQL Server,2,Rroga,10,Rroga,lokale
11/26/2021 20:01:15,Prishtina,Mashkull,25-30,Master,Pun√´suar full-time,Programmer,JAMSTACK,Javascript,React.js,Sanity,1,Mundesia mu zhvillu,10,Mundesia me u zhvillu,lokale
11/26/2021 21:23:54,Prishtina,Fem√´r,20-25,Bachelor,Pa pun√´,Programmer,Java stack,JAVA,Spring *,Microsoft SQL Server,0,Mundesia mu zhvillu,7,Teknologjia,
11/26/2021 22:42:36,Prishtina,Mashkull,20-25,I mesem,Pun√´suar full-time,Developer,Microsoft Stack,C#,.NET *,Microsoft SQL Server,3,Mundesia mu zhvillu,10,Kultura e Kompanise,nderkometare
11/27/2021 20:30:12,Prishtina,Mashkull,20-25,Bachelor,Pun√´suar full-time,Developer,Microsoft Stack,C#,.NET *,Microsoft SQL Server,0,Mundesia mu zhvillu,8,Kultura e Kompanise,lokale
11/28/2021 15:39:57,Prishtina,Fem√´r,20-25,I mesem,Pa pun√´,Student,Java stack,JAVA,Spring *,Mysql,0,Mundesia mu zhvillu,8,Teknologjia,lokale
11/28/2021 23:33:03,Prishtina,Mashkull,20-25,Bachelor,Pun√´suar full-time,Programmer,Microsoft Stack,C#,.NET *,PostgreSQL,1,Mundesia mu zhvillu,9,Mundesia me u zhvillu,lokale
12/4/2021 14:37:48,Prishtina,Fem√´r,25-30,Bachelor,Pun√´suar full-time,Programmer,The LAMP Stack,PHP,Laravel,Mysql,2,Mundesia mu zhvillu,9,Mundesia me u zhvillu,nderkometare
12/7/2021 22:56:27,Prishtina,Mashkull,20-25,I mesem,Pun√´suar full-time,Developer,Microsoft Stack,C#,.NET *,Microsoft SQL Server,1,Mundesia mu zhvillu,8,Rroga,lokale
12/8/2021 8:37:38,Prishtina,Mashkull,25-30,Master,Pun√´suar full-time,Software Engineer,Microsoft Stack,C#,.NET *,Microsoft SQL Server,1,Dyjat,5,Mundesia me u zhvillu,lokale
12/8/2021 15:14:34,Prishtina,Fem√´r,25-30,Master,Pun√´suar full-time,Programmer,Java stack,JAVA,Spring *,Mysql,1,Mundesia mu zhvillu,8,Mundesia me u zhvillu,nderkometare
12/8/2021 23:37:51,Prishtina,Mashkull,20-25,Bachelor,Pun√´suar full-time,Developer,Microsoft Stack,C#,.NET *,Microsoft SQL Server,1,Mundesia mu zhvillu,10,Rroga,lokale
12/22/2021 23:46:56,Prishtina,Mashkull,20-25,Bachelor,Pa pun√´,Student,Java stack,Python,Django,Mysql,0,Mundesia mu zhvillu,10,Kultura e Kompanise,Pa pune momentalisht
11/26/2021 21:03:54,Prishtina ,Fem√´r,20-25,I mesem,Pun√´suar full-time,Developer,Microsoft Stack,C#,.NET *,Microsoft SQL Server,1,Rroga,4,Rroga,nderkometare
11/28/2021 11:00:28,Prishtina ,Fem√´r,20-25,Bachelor,Pun√´suar part-time,Developer,Microsoft Stack,C#,.NET *,Microsoft SQL Server,1,Mundesia mu zhvillu,9,Mundesia me u zhvillu,lokale
12/7/2021 22:44:49,Prishtina ,Mashkull,25-30,Bachelor,Pun√´suar full-time,Programmer,Microsoft Stack,C#,.NET *,Microsoft SQL Server,3,Mundesia mu zhvillu,8,Mundesia me u zhvillu,lokale
11/26/2021 19:41:29,Prishtina ,Mashkull,20-25,Bachelor,Pun√´suar full-time,Developer,The MERN Stack,Javascript,React.js,Mysql,1,Mundesia mu zhvillu,8,Mundesia me u zhvillu,lokale
11/26/2021 19:47:45,Prishtina ,Mashkull,20-25,Shkolle e larte,Pun√´suar full-time,Developer,The MERN Stack,Javascript,React.js,MongoDB,1,Mundesia mu zhvillu,7,Mundesia me u zhvillu,lokale
11/26/2021 19:51:11,Prishtina ,Mashkull,20-25,Bachelor,Pun√´suar full-time,Programmer,The LAMP Stack,PHP,Laravel,Mysql,0,Rroga,8,Mundesia me u zhvillu,lokale
11/26/2021 19:51:56,Prishtina ,Mashkull,20-25,Bachelor,Pun√´suar full-time,Developer,Microsoft Stack,C#,.NET *,Microsoft SQL Server,4,Mundesia mu zhvillu,8,Mundesia me u zhvillu,nderkometare
11/26/2021 19:52:10,Prishtina ,Mashkull,20-25,Bachelor,Pun√´suar full-time,Developer,Microsoft Stack,C#,.NET *,Microsoft SQL Server,3,Mundesia mu zhvillu,9,Mundesia me u zhvillu,nderkometare
11/26/2021 19:55:38,Prishtina ,Mashkull,25-30,Bachelor,Pun√´suar full-time,Programmer,The MEAN Stack,Javascript,Angular,Mysql,1,Mundesia mu zhvillu,10,Rroga,nderkometare
11/26/2021 20:02:39,Prishtina ,Mashkull,35-40,Bachelor,Pun√´suar full-time,Developer,The LAMP Stack,PHP,Laravel,Mysql,1,Rroga,4,Rroga,lokale
11/26/2021 20:15:46,Prishtina ,Mashkull,20-25,Bachelor,Pun√´suar full-time,Developer,Microsoft Stack,C#,.NET *,Microsoft SQL Server,2,,10,Teknologjia,nderkometare
11/26/2021 20:17:17,Prishtina ,Mashkull,15-20,I mesem,Pun√´suar full-time,Programmer,The MERN Stack,Javascript,React.js,Mysql,1,Mundesia mu zhvillu,8,Mundesia me u zhvillu,lokale
11/26/2021 20:22:04,Prishtina ,Mashkull,20-25,Self taught,Pun√´suar full-time,Developer,The MERN Stack,Javascript,Express,MongoDB,0,Rroga,5,Rroga,lokale
11/26/2021 20:24:30,Prishtina ,Mashkull,20-25,I mesem,Pun√´suar part-time,Programmer,Java stack,JAVA,Spring *,MariaDB,1,Rroga,8,Rroga,nderkometare
11/26/2021 20:24:49,Prishtina ,Fem√´r,25-30,Master,Pun√´suar full-time,Developer,Docker Stack,PHP,Symfony,Mysql,1,Mundesia mu zhvillu,9,Mundesia me u zhvillu,lokale
11/26/2021 20:25:09,Prishtina ,Mashkull,25-30,Master,Pun√´suar full-time,Developer,Java stack,Swift,IOS,Mysql,2,Mundesia mu zhvillu,10,Mundesia me u zhvillu,nderkometare
11/26/2021 20:28:50,Prishtina ,Mashkull,20-25,I mesem,Pun√´suar full-time,Programmer,Microsoft Stack,C#,.NET *,Microsoft SQL Server,3,Mundesia mu zhvillu,10,Mundesia me u zhvillu,nderkometare
11/26/2021 20:37:56,Prishtina ,Fem√´r,25-30,Bachelor,Pun√´suar full-time,Programmer,PPVN,Javascript,Vue.js,PostgreSQL,1,Mundesia mu zhvillu,8,Mundesia me u zhvillu,lokale
11/26/2021 20:41:00,Prishtina ,Mashkull,20-25,Bachelor,Pun√´suar full-time,Developer,The MERN Stack,Javascript,React.js,PostgreSQL,1,Rroga,10,Rroga,nderkometare
11/26/2021 20:41:49,Prishtina ,Mashkull,25-30,I mesem,Pun√´suar full-time,Programmer,The MEAN Stack,TypeScript,React.js,PostgreSQL,1,"Dyjat, rroga e mire plus kushtet e mira",10,Rroga,nderkometare
11/26/2021 20:45:18,Prishtina ,Mashkull,25-30,Bachelor,Pun√´suar full-time,Programmer,Node react postgres,TypeScript,React.js,PostgreSQL,1,Rroga,3,Shefi i mire :),lokale
11/26/2021 20:52:43,Prishtina ,Mashkull,20-25,Bachelor,Pun√´suar full-time,Developer,Java stack,JAVA,Spring *,Mysql,2,Rroga,6,Rroga,lokale
11/26/2021 21:06:32,Prishtina ,Mashkull,20-25,Bachelor,Pun√´suar full-time,Programmer,Microsoft Stack,C#,.NET *,Microsoft SQL Server,2,Rroga,9,Rroga,lokale
11/26/2021 21:18:02,Prishtina ,Mashkull,25-30,Bachelor,Pun√´suar full-time,Developer,Java stack,PHP,Laravel,Mysql,3,Dyjat me larte kombinim,8,Mundesia me u zhvillu,lokale
11/26/2021 21:22:14,Prishtina ,Mashkull,20-25,Bachelor,Pun√´suar full-time,Developer,Wordpress ,PHP,Wordpress,Mysql,1,Mundesia mu zhvillu,9,Mundesia me u zhvillu,lokale
11/26/2021 21:26:44,Prishtina ,Mashkull,25-30,I mesem,Pun√´suar full-time,Business owner,Java stack,JAVA,Spring *,PostgreSQL,0,Mundesia mu zhvillu,10,Mundesia me u zhvillu,lokale
11/26/2021 21:29:43,Prishtina ,Mashkull,25-30,Bachelor,Pun√´suar full-time,Programmer,Microsoft Stack,C#,.NET *,Microsoft SQL Server,2,Rroga,8,Kultura e Kompanise,lokale
11/26/2021 21:33:56,Prishtina ,Mashkull,35-40,Master,Pun√´suar full-time,Data Engineer,The LAMP Stack,Python,Laravel,Oracle,1,Rroga,9,Rroga,nderkometare
11/26/2021 21:36:34,Prishtina ,Mashkull,25-30,Bachelor,Pun√´suar full-time,Programmer,Android,Kotlin,Android,sqlite,0,Rroga,10,Rroga,lokale
11/26/2021 21:54:07,Prishtina ,Mashkull,20-25,I mesem,Pun√´suar full-time,Programmer,The MERN Stack,Javascript,React Native,MongoDB,3,Mundesia mu zhvillu,10,Rroga,nderkometare
11/26/2021 21:56:36,Prishtina ,Mashkull,25-30,Master,Pun√´suar full-time,Developer,Java stack,JAVA,Spring *,PostgreSQL,1,both,8,Rroga,nderkometare
11/26/2021 21:57:40,Prishtina ,Mashkull,25-30,Bachelor,Pun√´suar full-time,Developer,The MERN Stack,Javascript,React.js,MongoDB,4,Rroga,10,Rroga,nderkometare
11/26/2021 22:02:48,Prishtina ,Fem√´r,20-25,Bachelor,Pun√´suar full-time,Programmer,The MERN Stack,Javascript,Express,PostgreSQL,2,Rroga,10,Rroga,lokale
11/26/2021 22:05:15,Prishtina ,Mashkull,20-25,Bachelor,Pun√´suar full-time,Developer,The PERN stack,TypeScript,React.js,PostgreSQL,0,Rroga,,Rroga,nderkometare
11/26/2021 22:31:43,Prishtina ,Mashkull,20-25,Bachelor,Pun√´suar full-time,Programmer,The MEAN Stack,TypeScript,Angular,MongoDB,1,Rroga,7,Rroga,lokale
11/26/2021 22:42:38,Prishtina ,Mashkull,20-25,Bachelor,Pun√´suar full-time,Programmer,The MERN Stack,Javascript,React.js,PostgreSQL,3,Rroga,10,Kultura e Kompanise,nderkometare
11/26/2021 23:01:36,Prishtina ,Mashkull,20-25,I mesem,Pa pun√´,Student,Java stack,Python,Django,Microsoft SQL Server,0,Mundesia mu zhvillu,10,Mundesia me u zhvillu,lokale
11/26/2021 23:07:18,Prishtina ,Mashkull,25-30,Bachelor,Pun√´suar full-time,Developer,Apple stack,Swift,Cocoa touch,Realm,3,"Kultura e kompaniase, fleksibiliteti",10,Kultura e Kompanise,nderkometare
11/26/2021 23:21:05,Prishtina ,Mashkull,25-30,Master,Freelancing,Programmer,The LAMP Stack,PHP,Homemade + Laravel,Mysql,0,Rroga,10,Mundesia me u zhvillu,nderkometare
11/26/2021 23:24:13,Prishtina ,Mashkull,20-25,Self taught,Pun√´suar full-time,Programmer,Java stack,Javascript,Express,Mysql,1,Mundesia mu zhvillu,8,Rroga,lokale
11/26/2021 23:25:02,Prishtina ,Mashkull,35-40,Bachelor,Pun√´suar full-time,Developer,Java stack,JAVA,Spring *,PostgreSQL,1,Rroga,8,Rroga,nderkometare
11/26/2021 23:25:57,Prishtina ,Mashkull,20-25,Bachelor,Pun√´suar full-time,Developer,The MERN Stack,Javascript,React.js,Mysql,2,Mundesia mu zhvillu,10,Mundesia me u zhvillu,lokale
11/26/2021 23:44:16,Prishtina ,Mashkull,20-25,Bachelor,Pun√´suar full-time,Developer,The MEAN Stack,TypeScript,Angular,Mysql,1,Rroga,7,Rroga,nderkometare
11/26/2021 23:45:05,Prishtina ,Mashkull,20-25,Bachelor,Pun√´suar full-time,Programmer,Microsoft Stack,C#,.NET *,Microsoft SQL Server,0,Mundesia mu zhvillu,10,Mundesia me u zhvillu,lokale
11/26/2021 23:54:03,Prishtina ,Fem√´r,25-30,Bachelor,Pun√´suar part-time,Developer,Java stack,JAVA,Spring *,Mysql,2,Mundesia mu zhvillu,8,Mundesia me u zhvillu,lokale
11/27/2021 1:09:51,Prishtina ,Mashkull,25-30,Master,Pun√´suar full-time,Programmer,The LAMP Stack,Javascript,Nodejs,MongoDB,0,Dyjat,7,Mundesia me u zhvillu,nderkometare
11/27/2021 2:11:47,Prishtina ,Mashkull,25-30,Master,Pun√´suar full-time,Developer,Java stack,JAVA,Spring *,MongoDB,3,Rroga,10,Rroga,nderkometare
11/27/2021 2:17:12,Prishtina ,Mashkull,25-30,Bachelor,Pun√´suar full-time,Programmer,The MERN Stack,TypeScript,React.js,PostgreSQL,2,Mundesia mu zhvillu,8,Mundesia me u zhvillu,nderkometare
11/27/2021 4:10:13,Prishtina ,Mashkull,20-25,I mesem,Pun√´suar full-time,Developer,The LAMP Stack,Javascript,jquery,Mysql,1,Mundesia mu zhvillu,8,Kultura e Kompanise,nderkometare
11/27/2021 9:03:47,Prishtina ,Mashkull,25-30,Bachelor,Pun√´suar full-time,Programmer,Java stack,JAVA,Spring *,PostgreSQL,0,"Plani i kompanise, ndikimi, stock option",9,,lokale
11/27/2021 9:46:27,Prishtina ,Mashkull,20-25,Bachelor,Pun√´suar full-time,Developer,Microsoft Stack,C#,.NET *,Microsoft SQL Server,0,"Per momentin mundesia per zhvillim, por jo rroga te jete ne disproporcion aq te madh",10,Mundesia me u zhvillu,lokale
11/27/2021 9:46:46,Prishtina ,Mashkull,25-30,Bachelor,Pun√´suar full-time,Developer,Java stack,JAVA,Quarkus,MongoDB,2,Rroga,9,Rroga,lokale
11/27/2021 10:42:12,Prishtina ,Fem√´r,20-25,Bachelor,Pun√´suar full-time,Programmer,Java stack,JAVA,JAVA EE ,Microsoft SQL Server,1,Mundesia mu zhvillu,10,Mundesia me u zhvillu,lokale
11/27/2021 11:52:07,Prishtina ,Mashkull,20-25,Bachelor,Pa pun√´,Programmer,The LAMP Stack,JAVA,Laravel,Mysql,1,Rroga,5,Rroga,lokale
11/27/2021 17:27:00,Prishtina ,Fem√´r,20-25,Bachelor,Pun√´suar full-time,Programmer,Java stack,JAVA,Spring *,PostgreSQL,1,2jat,10,Mundesia me u zhvillu,nderkometare
11/27/2021 17:27:40,Prishtina ,Mashkull,30-35,Bachelor,Pun√´suar full-time,Developer,The LAMP Stack,Javascript,React.js,Mysql,1,Rroga,7,Rroga,nderkometare
11/27/2021 17:39:20,Prishtina ,Fem√´r,20-25,Bachelor,Pun√´suar full-time,Developer,Microsoft Stack,C#,.NET *,PostgreSQL,2,Duhet kombinim i dyjave. Rendesi te madhe ka edhe ambienti i punes.,10,Rroga,lokale
11/27/2021 18:59:28,Prishtina ,Fem√´r,25-30,Bachelor,Pun√´suar full-time,Programmer,The Serverless Stack,C#,.NET *,PostgreSQL,5,Rroga,10,Rroga,lokale
11/27/2021 19:35:18,Prishtina ,Mashkull,25-30,Bachelor,Pun√´suar full-time,Programmer,Microsoft Stack,C#,.NET *,Microsoft SQL Server,2,Rroga + Zhvillimi + Fleksibiliteti i orarit + Kushtet e punes (ose Remote) = Vendimi per punen e ardhshme,9,Teknologjia,"I punesuar ne kompani lokale, i shitur ne kompani nderkombetare."
11/27/2021 21:52:39,Prishtina ,Mashkull,15-20,I mesem,Freelancing,Developer,The MERN Stack,Javascript,React.js,Mysql,0,Mundesia mu zhvillu,9,Mundesia me u zhvillu,
11/27/2021 22:01:43,Prishtina ,Mashkull,30-35,Bachelor,Freelancing,Programmer,Microsoft Stack,C#,.NET *,MongoDB,2,Rroga,9,Rroga,nderkometare
11/27/2021 23:12:28,Prishtina ,Mashkull,20-25,Bachelor,Pun√´suar full-time,Programmer,iOS/Android,Dart,Flutter,Mysql,1,Rroga,8,Rroga,lokale
11/28/2021 0:01:11,Prishtina ,Mashkull,25-30,Bachelor,Pun√´suar full-time,Programmer,The MEAN Stack,TypeScript,Angular,PostgreSQL,0,Mundesia mu zhvillu,9,Rroga,nderkometare
11/28/2021 0:20:36,Prishtina ,Mashkull,25-30,Master,Pun√´suar full-time,Programmer,"Ruby on Rails, Postgresql, Kubernetes",Ruby,Ruby on Rails,PostgreSQL,1,Rroga,6,Rroga,nderkometare
11/28/2021 0:36:05,Prishtina ,Mashkull,25-30,Bachelor,Freelancing,Developer,The LAMP Stack,PHP,Laravel,Mysql,3,Mundesia mu zhvillu,8,Mundesia me u zhvillu,nderkometare
11/28/2021 10:36:31,Prishtina ,Mashkull,30-35,Master,Pun√´suar full-time,Developer,Microsoft Stack,C#,.NET *,Microsoft SQL Server,0,Mundesia mu zhvillu,10,Kultura e Kompanise,lokale
11/28/2021 15:36:54,Prishtina ,Fem√´r,25-30,I mesem,Pun√´suar full-time,Developer,Microsoft Stack,Javascript and C#,React.Js and .NET *,PostgreSQL,1,Mundesia mu zhvillu,9,Kultura e Kompanise,nderkometare
11/28/2021 22:17:28,Prishtina ,Mashkull,25-30,I mesem,Pun√´suar full-time,Programmer,Microsoft Stack,Swift,Spring *,Mysql,2,Mundesia mu zhvillu,5,Mundesia me u zhvillu,nderkometare
11/28/2021 22:52:20,Prishtina ,Mashkull,20-25,Bachelor,Pun√´suar full-time,Programmer,Microsoft Stack,C#,.NET *,Microsoft SQL Server,3,Mundesia mu zhvillu,10,Mundesia me u zhvillu,nderkometare
11/29/2021 9:44:34,Prishtina ,Mashkull,25-30,Bachelor,Pun√´suar full-time,Developer,XCode ARC,Swift,UIKit,Realm,2,Mundesia mu zhvillu,10,Kultura e Kompanise,nderkometare
11/29/2021 12:16:58,Prishtina ,Mashkull,20-25,Self taught,Pun√´suar full-time,Developer,The MERN Stack,Javascript,React.js,Mysql,1,Mundesia mu zhvillu,6,Mundesia me u zhvillu,nderkometare
11/30/2021 23:43:12,Prishtina ,Mashkull,25-30,Bachelor,Pun√´suar full-time,Programmer,The LAMP Stack,PHP,React.js,Mysql,2,Mundesia mu zhvillu,8,Mundesia me u zhvillu,lokale
12/1/2021 14:08:23,Prishtina ,Mashkull,25-30,Bachelor,Freelancing,Developer,Java stack,JAVA,Spring *,Mysql,3,Mundesia mu zhvillu,5,Mundesia me u zhvillu,lokale
12/3/2021 9:48:26,Prishtina ,Fem√´r,25-30,Master,Pun√´suar full-time,Project Manager,Microsoft Stack,C#,Angular,Microsoft SQL Server,1,Mundesia mu zhvillu,9,Mundesia me u zhvillu,Nderkombetare me seli ne Kosove
12/3/2021 14:28:32,Prishtina ,Mashkull,35-40,Bachelor,Pun√´suar full-time,Programmer,"Python, AWS",Python,Django,Mysql,0,Rroga,9,Kultura e Kompanise,nderkometare
12/3/2021 19:37:29,Prishtina ,Mashkull,20-25,I mesem,Pun√´suar full-time,Programmer,PERN,TypeScript,Nestjs,PostgreSQL,2,Mundesia mu zhvillu,8,Mundesia me u zhvillu,nderkometare
12/5/2021 20:19:17,Prishtina ,Mashkull,20-25,Bachelor,Pun√´suar full-time,Developer,LEMP,PHP,Laravel,Mysql,0,Mundesia mu zhvillu,9,Mundesia me u zhvillu,lokale
12/7/2021 22:43:42,Prishtina ,Mashkull,20-25,Bachelor,Pun√´suar full-time,Programmer,The LAMP Stack,PHP,Laravel,Mysql,4,Mundesia mu zhvillu,10,Kultura e Kompanise,lokale
12/7/2021 22:45:04,Prishtina ,Mashkull,30-35,Bachelor,Pun√´suar full-time,Business owner,Java stack,JAVA,React.js,PostgreSQL,2,Mundesia mu zhvillu,8,Shefi i mire :),nderkometare
12/7/2021 22:45:23,Prishtina ,Mashkull,20-25,Bachelor,Pun√´suar full-time,Data Engineer,The Serverless Stack,Python,PySpark,Oracle,0,Mundesia mu zhvillu,10,Mundesia me u zhvillu,lokale
12/7/2021 22:59:50,Prishtina ,Mashkull,20-25,Bachelor,Pun√´suar full-time,Programmer,The MEAN Stack,Javascript,Angular,MongoDB,2,Rroga,10,Shefi i mire :),nderkometare
12/7/2021 23:03:13,Prishtina ,Mashkull,20-25,I mesem,Pun√´suar full-time,Developer,Java stack,JAVA,Spring *,PostgreSQL,1,Dyjat,8,Mundesia me u zhvillu,nderkometare
12/7/2021 23:04:32,Prishtina ,Mashkull,20-25,I mesem,Pa pun√´,Student,Java stack,Python,Django,Microsoft SQL Server,0,Mundesia mu zhvillu,8,Mundesia me u zhvillu,lokale
12/7/2021 23:11:09,Prishtina ,Mashkull,25-30,Bachelor,Pun√´suar full-time,Programmer,Microsoft Stack,PHP,Laravel,Mysql,0,Rroga,8,Rroga,nderkometare
12/7/2021 23:14:01,Prishtina ,Mashkull,30-35,Bachelor,Pun√´suar full-time,Programmer,Java stack,JAVA,Spring *,Microsoft SQL Server,1,Mundesia mu zhvillu,9,Mundesia me u zhvillu,lokale
12/8/2021 0:00:50,Prishtina ,Mashkull,20-25,Bachelor,Pun√´suar full-time,Programmer,Microsoft Stack,C#,.NET *,Microsoft SQL Server,0,Mundesia mu zhvillu,8,Rroga,lokale
12/8/2021 0:00:54,Prishtina ,Mashkull,20-25,Bachelor,Pun√´suar full-time,Developer,The MERN Stack,Javascript,React.js,Mysql,2,Mundesia mu zhvillu,9,Mundesia me u zhvillu,lokale
12/8/2021 0:30:44,Prishtina ,Mashkull,20-25,Bachelor,Pun√´suar full-time,Programmer,React - .NET,Javascript,React.js,Microsoft SQL Server,3,Rroga,6,Rroga,lokale
12/8/2021 4:49:45,Prishtina ,Mashkull,35-40,Bachelor,Pun√´suar full-time,Developer,The LAMP Stack,PHP,Laravel,Mysql,0,Mundesia mu zhvillu,10,Mundesia me u zhvillu,nderkometare
12/8/2021 6:35:24,Prishtina ,Fem√´r,25-30,Bachelor,Pun√´suar full-time,Developer,Microsoft Stack,Javascript,React.js,Microsoft SQL Server,0,Mundesia mu zhvillu,9,Mundesia me u zhvillu,lokale
12/8/2021 9:42:51,Prishtina ,Mashkull,20-25,Bachelor,Pun√´suar full-time,Curricula Developer and Programming Instructor,The LAMP Stack,PHP,Laravel,Mysql,0,Mundesia mu zhvillu,10,Mundesia me u zhvillu,lokale
12/8/2021 9:50:46,Prishtina ,Fem√´r,20-25,Bachelor,Pun√´suar full-time,Programmer,Microsoft Stack,C#,.NET *,Microsoft SQL Server,2,Mundesia mu zhvillu,10,Mundesia me u zhvillu,lokale
12/8/2021 11:16:03,Prishtina ,Mashkull,20-25,I mesem,Pun√´suar full-time,Developer,The MERN Stack,Javascript,React.js,MongoDB,1,"Mvaret, nese rroga ka dallim shume te madh ateher do ishte faktori, ne te kundert mundesia mu zhvillu.",9,Mundesia me u zhvillu,lokale
12/8/2021 13:40:04,Prishtina ,Mashkull,20-25,I mesem,Pun√´suar full-time,Programmer,The LAMP Stack,PHP,Laravel,Mysql,3,Mundesia mu zhvillu,10,Mundesia me u zhvillu,lokale
12/8/2021 16:55:52,Prishtina ,Mashkull,25-30,Bachelor,Pun√´suar full-time,Developer,The MERN Stack,TypeScript,React.js,PostgreSQL,2,Mundesia mu zhvillu,8,Teknologjia,nderkometare
12/8/2021 18:52:01,Prishtina ,Mashkull,25-30,Bachelor,Pun√´suar full-time,Programmer,The LAMP Stack,PHP,Django,PostgreSQL,0,Mundesia mu zhvillu,10,Teknologjia,lokale
12/9/2021 20:51:03,Prishtina ,Mashkull,25-30,Bachelor,Pun√´suar full-time,Developer,React,TypeScript,React.js,PostgreSQL,1,Rroga,10,Kultura e Kompanise,nderkometare
12/10/2021 14:59:14,Prishtina ,Mashkull,30-35,Master,Pun√´suar full-time,Business owner,The LAMP Stack,PHP,Laravel,Mysql,1,Rroga,10,Rroga,lokale
12/13/2021 18:57:23,Prishtina ,Mashkull,20-25,Bachelor,Pun√´suar full-time,Student,The Serverless Stack,TypeScript,Express,MongoDB,0,Mundesia mu zhvillu,7,Teknologjia,lokale
12/13/2021 19:01:40,Prishtina ,Mashkull,30-35,PhD. Cand,Pun√´suar full-time,Developer,Java stack,JAVA,Spring *,Mysql,0,Mundesia mu zhvillu,8,Mundesia me u zhvillu,Nderkombetare dhe Lokale
12/13/2021 19:31:03,Prishtina ,Mashkull,20-25,I mesem,Pun√´suar full-time,Developer,The MEVN Stack,PHP,Laravel,Mysql,0,Rroga,0,Rroga,dyjat
12/13/2021 22:28:34,Prishtina ,Fem√´r,20-25,Bachelor,Pun√´suar full-time,Developer,Microsoft Stack,C#,.NET *,Microsoft SQL Server,3,Mundesia mu zhvillu,10,Kultura e Kompanise,nderkometare
12/13/2021 22:58:58,Prishtina ,Fem√´r,30-35,Master,Pun√´suar full-time,Data Analyst,X,C#,.NET *,X,0,Mundesia mu zhvillu,8,Rroga,nderkometare
12/14/2021 0:44:50,Prishtina ,Mashkull,30-35,Master,Pun√´suar full-time,Developer,Java stack,JAVA,Spring *,Mysql,1,Rroga,8,Rroga,nderkometare
12/14/2021 10:23:53,Prishtina ,Mashkull,15-20,Bachelor,Freelancing,Developer,The MEAN Stack,Javascript,React.js,Mysql,2,Mundesia mu zhvillu,10,Mundesia me u zhvillu,nderkometare
12/14/2021 15:28:06,Prishtina ,Mashkull,20-25,Bachelor,Pun√´suar full-time,Developer,The LAMP Stack,PHP,Laravel,Mysql,1,Mundesia mu zhvillu,10,Mundesia me u zhvillu,lokale
12/14/2021 16:47:24,Prishtina ,Mashkull,20-25,Bachelor,Pa pun√´,Student,Java stack,Javascript,React.js,Mysql,0,Mundesia mu zhvillu,8,Mundesia me u zhvillu,s'kam punuar kurr
12/14/2021 19:02:27,Prishtina ,Mashkull,25-30,Bachelor,Pun√´suar full-time,Developer,The MEVN Stack,Javascript,Vue.js,Mysql,2,Rroga,10,Rroga,lokale
12/15/2021 11:22:40,Prishtina ,Mashkull,25-30,Master,Pun√´suar full-time,Programmer,"Golang, .NET",Go,.NET *,PostgreSQL,2,Mundesia mu zhvillu,10,Mundesia me u zhvillu,nderkometare
12/16/2021 10:30:40,Prishtina ,Mashkull,35-40,Bachelor,Pun√´suar full-time,Programmer,The LAMP Stack,PHP,Laravel,Mysql,3,Rroga,5,Rroga,nderkometare
12/26/2021 23:16:39,Prishtina ,Mashkull,20-25,I mesem,Pun√´suar full-time,Programmer,The MEVN Stack,Javascript,Vue.js,MongoDB,2,Rroga,5,Rroga,lokale
11/26/2021 19:43:53,Prishtina ,Mashkull,30-35,Master,Pun√´suar full-time,Programmer,Microsoft Stack,C#,.NET *,Microsoft SQL Server,1,Rroga,9,Rroga,lokale
11/26/2021 19:55:57,Prishtina ,Mashkull,20-25,Bachelor,Pun√´suar full-time,Developer,Microsoft Stack,C#,.NET *,Microsoft SQL Server,1,Mundesia mu zhvillu,10,Mundesia me u zhvillu,lokale
11/26/2021 19:59:14,Prishtina ,Mashkull,25-30,Bachelor,Pun√´suar full-time,Developer,The LAMP Stack,Ruby,Ruby on Rails,PostgreSQL,1,Rroga,7,Rroga,lokale
11/26/2021 20:15:21,Prishtina ,Mashkull,30-35,I mesem,Pun√´suar full-time,Programmer,Microsoft Stack,C#,.NET *,Microsoft SQL Server,2,Mundesia mu zhvillu,5,Mundesia me u zhvillu,lokale
11/26/2021 23:43:30,Prishtina ,Mashkull,20-25,Coding school,Pun√´suar full-time,Business owner,The MERN Stack,Dart,Flutter,PostgreSQL,0,Mundesia mu zhvillu,10,Mundesia me u zhvillu,nderkometare
11/27/2021 11:38:50,Prishtina ,Mashkull,25-30,Bachelor,Pun√´suar full-time,Programmer,Sdi,Python,Django,PostgreSQL,3,Rroga,7,Rroga,lokale
11/27/2021 23:52:43,Prishtina ,Mashkull,20-25,Bachelor,Pun√´suar full-time,Developer,Back end,Python,Flask,PostgreSQL,3,Mundesia mu zhvillu,6,Mundesia me u zhvillu,lokale
11/28/2021 11:08:44,Prishtina ,Fem√´r,25-30,Bachelor,Pun√´suar full-time,Developer,The Serverless Stack,TypeScript,Angular,MongoDB,2,Mundesia mu zhvillu,8,Mundesia me u zhvillu,lokale
11/28/2021 19:54:11,Prishtina ,Fem√´r,25-30,Bachelor,Pun√´suar full-time,Programmer,Microsoft Stack,C#,.NET *,Microsoft SQL Server,,Mundesia mu zhvillu,6,Rroga,lokale
11/30/2021 18:08:59,Prishtina ,Fem√´r,20-25,Bachelor,Pa pun√´,Programmer,The LAMP Stack,Javascript,React.js,MongoDB,2,Mundesia mu zhvillu,10,Mundesia me u zhvillu,
12/7/2021 23:12:04,Prishtina ,Mashkull,20-25,I mesem,Freelancing,Programmer,The MERN Stack,Javascript,React.js,Mysql,,,,,
12/8/2021 0:12:54,Prishtina ,Mashkull,20-25,Bachelor,Pun√´suar full-time,Developer,Flutter,Dart,Flutter,PostgreSQL,1,Mundesia mu zhvillu,8,Rroga,lokale
12/8/2021 2:21:13,Prishtina ,Mashkull,20-25,Bachelor,Pun√´suar full-time,Developer,React Native,Javascript,React.js,MongoDB,1,Dyjat,10,Rroga,nderkometare
12/10/2021 2:25:34,Prishtina ,Mashkull,50+,Bachelor,Pun√´suar full-time,Arkitekt i softverit,The LAMP Stack,C++,Qt5,Mysql,1,Rroga,10,Shefi i mire :),nderkometare
11/26/2021 19:42:53,Prishtina ,Mashkull,20-25,Bachelor,Pun√´suar full-time,Programmer,The MERN Stack,Javascript,React.js,Mysql,0,Rroga,8,Rroga,lokale
11/26/2021 20:24:38,Prishtina ,Fem√´r,20-25,I mesem,Pun√´suar full-time,Developer,The Serverless Stack,TypeScript,Angular,Mysql,3,Dyjat,10,Rroga,nderkometare
11/26/2021 21:12:31,Prishtina ,Mashkull,30-35,Bachelor,Freelancing,Software engineer ,The MEAN Stack,TypeScript,Angular,MongoDB,0,Rroga,10,Kultura e Kompanise,nderkometare
11/27/2021 23:20:13,Prishtina ,Fem√´r,25-30,Master,Pun√´suar part-time,Developer,Java stack,JAVA,Ka disa,MariaDB,1,Mundesia mu zhvillu,9,Rroga,nderkometare
11/28/2021 19:10:54,Prishtina ,Mashkull,20-25,Self taught,Pun√´suar full-time,Programmer,Java stack,JAVA,React.js,Mysql,1,Mundesia mu zhvillu,8,Rroga,lokale
11/30/2021 23:10:00,Prishtina ,Mashkull,20-25,Bachelor,Pun√´suar full-time,Programmer,The Serverless Stack,TypeScript,Express,DynamoDB,3,Mundesia mu zhvillu,10,Mundesia me u zhvillu,nderkometare
12/3/2021 14:29:51,Prishtina ,Fem√´r,20-25,Bachelor,Pun√´suar full-time,Developer,Java stack,JAVA,Spring *,PostgreSQL,2,Mundesia mu zhvillu,10,Mundesia me u zhvillu,lokale
11/26/2021 19:48:17,Prizren,Mashkull,25-30,Bachelor,Pun√´suar full-time,Business owner,The LAMP Stack,PHP,Angular,Mysql,0,Rroga,5,Rroga,nderkometare
11/26/2021 23:07:44,Prizren,Mashkull,30-35,Bachelor,Pun√´suar full-time,Developer,The LAMP Stack,PHP,Laravel,Mysql,2,"Mundesia mu zhvillu, mirepo nese dallimi ne rroge eshte shume i madh 2-3-4-5 fish me shume, sic e shohim qe po ndodh, atehere rroga. Mundesia per zhvillim rritet edhe me rritjen e rroges pasi qasja ne tutoriale, trajnime, tools, pajisje me profesionale eshte shume me e lehte.",8,Rroga,nderkometare
12/3/2021 18:03:48,Prizren,Mashkull,25-30,Bachelor,Pun√´suar full-time,Programmer,The LAMP Stack,PHP,Laravel,Mysql,0,Rroga,8,Rroga,lokale
12/8/2021 8:54:13,Prizren,Mashkull,20-25,Master,Pa pun√´,Developer,xampp,PHP,Laravel,Mysql,2,Mundesia mu zhvillu,10,Mundesia me u zhvillu,lokale
12/9/2021 13:20:53,Prizren,Mashkull,20-25,Bachelor,Pa pun√´,Student,Java stack,JAVA,Vue.js,Microsoft SQL Server,0,Mundesia mu zhvillu,8,Mundesia me u zhvillu,Nuk punoj
12/9/2021 13:21:30,Prizren,Mashkull,20-25,I mesem,Freelancing,Student,Microsoft Stack,C#,.NET *,Microsoft SQL Server,0,Mundesia mu zhvillu,4,Mundesia me u zhvillu,
11/27/2021 0:33:57,Prshtine,Mashkull,25-30,Bachelor,Pun√´suar full-time,Programmer,The LAMP Stack,PHP,Laravel,Mysql,0,Mundesia mu zhvillu,10,Mundesia me u zhvillu,nderkometare
12/7/2021 22:49:42,Rahovec,Mashkull,20-25,Bachelor,Pun√´suar full-time,Developer,Microsoft Stack,C#,.NET *,PostgreSQL,0,Rroga,3,Rroga,lokale
12/8/2021 13:35:21,Rahovec,Mashkull,20-25,Bachelor,Pa pun√´,Developer,Microsoft Stack,Javascript,React.js,Microsoft SQL Server,0,Mundesia mu zhvillu,10,Rroga,jo
12/8/2021 10:50:00,Shkoder,Fem√´r,35-40,PHD,Freelancing,Programmer,Java stack,JAVA,Spring *,Mysql,0,Rroga,9,Rroga,nderkometare
12/3/2021 23:40:45,Shkup,Mashkull,30-35,Master,Pun√´suar full-time,Programmer,The MEVN Stack,Javascript,Express,Microsoft SQL Server,0,Rroga,10,Rroga,lokale
12/16/2021 1:15:15,Shkup,Mashkull,20-25,Bachelor,Pun√´suar full-time,Programmer,No code tools,PHP,Laravel,Mysql,1,Rroga,2,Rroga,lokale
11/26/2021 20:10:02,Shtime,Mashkull,25-30,Bachelor,Pun√´suar full-time,Programmer,The Serverless Stack,TypeScript,Nest.js,PostgreSQL,2,Hybrid,8,Rroga,lokale
11/26/2021 19:59:20,Skenderaj,Mashkull,20-25,Bachelor,Pun√´suar full-time,Programmer,Back-End(Laravel),PHP,Laravel,Mysql,2,Rroga,9,Rroga,nderkometare
11/29/2021 11:29:21,Skenderaj ,Mashkull,25-30,Bachelor,Pun√´suar full-time,Programmer,The LAMP Stack,PHP,Laravel,Mysql,0,Mundesia mu zhvillu,9,Kultura e Kompanise,lokale
11/26/2021 19:51:49,Stockholm,Mashkull,20-25,Bachelor,Pun√´suar full-time,Programmer,Microsoft Stack,C#,.NET *,Microsoft SQL Server,2,Rroga,10,Rroga,nderkometare
11/26/2021 20:57:04,Stockholm ,Mashkull,25-30,Self taught,Pun√´suar full-time,Programmer,The Serverless Stack,TypeScript,Next JS,MongoDB,0,Mundesia mu zhvillu,10,Mundesia me u zhvillu,nderkometare
11/27/2021 18:54:55,Stuttgart,Mashkull,25-30,Bachelor,Pun√´suar full-time,Software Engineer,Java stack,Kotlin,Android,Couchbase,2,Rroga,10,Kultura e Kompanise,nderkometare
12/13/2021 23:27:12,Suharek,Mashkull,20-25,Bachelor,Pun√´suar full-time,Developer,The MERN Stack,Javascript,React.js,MongoDB,4,Mundesia mu zhvillu,9,Mundesia me u zhvillu,lokale
12/7/2021 23:04:11,Tetov√´,Mashkull,30-35,Master,Pun√´suar full-time,Programmer,Microsoft Stack,TypeScript,Angular,Mysql,1,Mundesia mu zhvillu,0,Shefi i mire :),lokale
11/26/2021 21:49:10,Tirane,Mashkull,20-25,I mesem,Freelancing,Developer,Microsoft Stack,C#,.NET *,Microsoft SQL Server,3,Mundesia mu zhvillu,8,Mundesia me u zhvillu,nderkometare
11/27/2021 19:45:22,Tirane,Mashkull,30-35,Master,Freelancing,Programmer,The Serverless Stack,TypeScript,Nestjs,Mysql,1,Mundesia mu zhvillu,0,Rroga,nderkometare
12/1/2021 16:00:51,Tirane,Mashkull,35-40,I mesem,Pun√´suar full-time,Programmer,The LAMP Stack,PHP,Symfony,Mysql,1,Rroga,7,Rroga,nderkometare
12/8/2021 8:57:39,Tirane,Mashkull,40-50,Master,Pun√´suar full-time,Programmer,Microsoft Stack,C#,.NET *,Microsoft SQL Server,2,Mundesia mu zhvillu,10,Kultura e Kompanise,nderkometare
12/7/2021 23:24:09,Vienne,Mashkull,35-40,Bachelor,Pun√´suar full-time,Developer,Java stack,JAVA,Spring *,Oracle,1,Mundesia mu zhvillu,9,Mundesia me u zhvillu,nderkometare
12/9/2021 9:02:47,Vienne,Mashkull,25-30,Master,Pun√´suar full-time,Business owner,Java stack,Javascript,React.js,Mysql,2,Mundesia mu zhvillu,10,Kultura e Kompanise,nderkometare
11/26/2021 20:58:26,Vienne,Mashkull,25-30,I mesem,Pun√´suar full-time,Programmer,Java stack,JAVA,Spring *,Oracle,1,Mundesia mu zhvillu,9,Mundesia me u zhvillu,lokale
11/27/2021 13:00:13,Viti,Mashkull,20-25,Bachelor,Pun√´suar full-time,Programmer,The MEAN Stack,Javascript,React.js,Mysql,0,Rroga,10,Rroga,lokale
12/7/2021 23:08:29,Viti,Mashkull,15-20,I mesem,Pa pun√´,Student,The MERN Stack,Javascript,React.js,MongoDB,,,,,
12/7/2021 23:58:05,Viti,Mashkull,20-25,Bachelor,Pa pun√´,Developer,The LAMP Stack,PHP,Laravel,Mysql,3,Mundesia mu zhvillu,10,Mundesia me u zhvillu,lokale
12/8/2021 3:17:47,Viti,Fem√´r,15-20,I mesem,Pa pun√´,Student,Java stack,C#,.NET *,Mysql,,,,Mundesia me u zhvillu,
11/26/2021 20:14:58,Vushtrri,Mashkull,20-25,Bachelor,Pun√´suar full-time,Programmer,Microsoft Stack,C#,.NET *,Microsoft SQL Server,0,Dyjat ndikojne ,8,Rroga,lokale
11/26/2021 21:03:18,Vushtrri,Mashkull,20-25,Bachelor,Pun√´suar full-time,Developer,Java stack,JAVA,Spring *,Redis,3,Rroga,10,Rroga,lokale
11/26/2021 23:24:36,Vushtrri,Mashkull,25-30,Bachelor,Pun√´suar full-time,QA Engineer,Java stack,JAVA,Spring *,PostgreSQL,1,Dy nga pak,9,Rroga,nderkometare
11/28/2021 12:17:05,Vushtrri,Mashkull,20-25,Bachelor,Pun√´suar full-time,Developer,The MERN Stack,Javascript,React.js,Mysql,3,Mundesia mu zhvillu,10,Teknologjia,lokale
12/7/2021 23:58:18,Vushtrri,Mashkull,25-30,Bachelor,Pun√´suar full-time,Programmer,The MERN Stack,Javascript,React.js,MongoDB,1,Rroga,10,Mundesia me u zhvillu,lokale
12/9/2021 0:50:44,Vushtrri,Mashkull,25-30,Bachelor,Pun√´suar full-time,Programmer,The LAMP Stack,PHP,Laravel,PostgreSQL,0,Rroga,8,Teknologjia,nderkometare
12/18/2021 21:16:38,Vushtrri,Mashkull,20-25,I mesem,Pun√´suar part-time,Business owner,The Serverless Stack,TypeScript,React.js,PostgreSQL,3,Rroga,10,Rroga,nderkometare
11/26/2021 19:55:49,Vushtrri ,Mashkull,25-30,Bachelor,Pun√´suar full-time,Programmer,The MEAN Stack,PHP,Vue.js,Mysql,3,Mundesia mu zhvillu,10,Rroga,lokale
11/26/2021 19:51:01,Z√ºrich,Mashkull,35-40,Master,Pun√´suar full-time,Programmer,Asnjerin,C++,Boost,Mysql,0,Rroga,9,,lokale
,,,,,,,,,,,,,,,
,,,,,,,,,,,,,,,
,,,,,,,,,,,,,,,
,,,,,,,,,,,,,,,
,,,,,,,,,,,,,,,
,,,,,,,,,,,,,,,
,,,,,,,,,,,,,,,
,,,,,,,,,,,,,,,
,,,,,,,,,,,,,,,
,,,,,,,,,,,,,,,
,,,,,,,,,,,,,,,
,,,,,,,,,,,,,,,
,,,,,,,,,,,,,,,
,,,,,,,,,,,,,,,
,,,,,,,,,,,,,,,
,,,,,,,,,,,,,,,
,,,,,Amsterdam,0,,,,,,,,,
,,,,,Berlin,48,,,,,,,,,
,,,,,Bujanoc,48,,,,,,,,,
,,,,,De√ßan ,47,,,,,,,,,
,,,,,Dragash,47,,,,,,,,,
,,,,,Drenas,47,,,,,,,,,
,,,,,Ferizaj,47,,,,,,,,,
,,,,,Ferizaj ,46,,,,,,,,,
,,,,,Fushe Kosove,45,,,,,,,,,
,,,,,Fushe Kosove ,44,,,,,,,,,
,,,,,Gjakove,44,,,,,,,,,
,,,,,Gjilan,44,,,,,,,,,
,,,,,Hamburg,43,,,,,,,,,
,,,,,Helsinki,43,,,,,,,,,
,,,,,Istog,43,,,,,,,,,
,,,,,Junik,43,,,,,,,,,
,,,,,Ka√ßanik,43,,,,,,,,,
,,,,,Kamenice ,43,,,,,,,,,
,,,,,Klin√´,43,,,,,,,,,
,,,,,Linkoping,43,,,,,,,,,
,,,,,Lipjan,43,,,,,,,,,
,,,,,Malisheve,43,,,,,,,,,
,,,,,Mitrovice,43,,,,,,,,,
,,,,,Mitrovice Veriore,43,,,,,,,,,
,,,,,M√ºnchen,43,,,,,,,,,
,,,,,Peje,43,,,,,,,,,
,,,,,Podujeve,43,,,,,,,,,
,,,,,Preshev√´,43,,,,,,,,,
,,,,,Prishtina,43,,,,,,,,,
,,,,,Prishtina ,43,,,,,,,,,
,,,,,Prizren,43,,,,,,,,,
,,,,,Prshtine,43,,,,,,,,,
,,,,,Rahovec,43,,,,,,,,,
,,,,,Shkoder,43,,,,,,,,,
,,,,,Shkup,43,,,,,,,,,
,,,,,Shtime,43,,,,,,,,,
,,,,,Skenderaj,42,,,,,,,,,
,,,,,Skenderaj ,42,,,,,,,,,
,,,,,Stockholm,42,,,,,,,,,
,,,,,Stockholm ,41,,,,,,,,,
,,,,,Stuttgart,41,,,,,,,,,
,,,,,Suharek,41,,,,,,,,,
,,,,,Tetov√´,41,,,,,,,,,
,,,,,Tirane,41,,,,,,,,,
,,,,,Vienne,41,,,,,,,,,
,,,,,Viti,41,,,,,,,,,
,,,,,Vushtrri,40,,,,,,,,,
,,,,,Vushtrri ,39,,,,,,,,,
,,,,,Z√ºrich,39,,,,,,,,,
